风险ID,项目ID,描述,概率,影响,责任人,缓解措施,状态
R001,P001,第三方支付接口变更导致集成延迟,4,4,李明,提前与支付方沟通接口变更计划;准备备用方案,open
R002,P001,前端性能不达标影响上线,3,4,赵强,提前进行性能基准测试;引入性能监控,open
R003,P002,iOS审核被拒导致发布延迟,3,5,刘洋,提前准备审核材料;预留缓冲时间,open
R004,P002,Android碎片化兼容问题,4,3,王芳,扩大测试设备覆盖;使用兼容层框架,open
R005,P003,数据源质量差影响ETL稳定性,5,4,赵强,建立数据质量基线;增加数据清洗环节,open
R006,P003,大数据量处理性能瓶颈,4,3,刘洋,分阶段上线;预留扩容方案,open
R007,P004,合规要求变更导致返工,3,5,张伟,密切跟踪最新法规;与合规团队保持沟通,open
R008,P004,安全漏洞修复影响业务功能,2,4,李明,灰度发布;建立回滚方案,open
R009,P001,核心技术人员离职风险,2,5,张伟,知识转移文档化;培养备份人员,open
R010,P003,BI工具选型不当导致返工,3,3,陈思,先做POC验证;评估多种工具,open
